Pool Name,Oligo Sequence (5' to 3' direction)
Myo_Pf_Panel,GATAAAAATTCAAATTATAAATATCCAGCTGTTTATGATGACAAAGATAAAAAGTGTCATATATTATATATTGCAGCTCAAGAAAATAATGGTCCTAGATATTGTAATAAAGACGAAAGT
Myo_Pf_Panel,GAATATATGGCAAAATATGATATTGAAGAAGTTCATGGTTCAGGTATAAGAGTAGATTTAGGAGAAGATGCTGAAGTAGCTGGAACTCAATATAGACTTCCATCAGGGAAATGTCCAGTA
Myo_Pf_Panel,CTAAAAAGTTGACTGATAATATAAACACAACACAAAATTTAACAACAAGTACTAATACAACTACAGTATCAACCGATAATAATAATATAAATACAAAACCCATTGATAATAATAACACAG
Myo_Pf_Panel,TAGGACAGCCATATTTACTCTCTCAATCTGGACAACACTGTTATATTCTAATAAAGTAAGATAAAAAGAATTAGAATTAAAAATTGAAAATTAAAATTTAAAAATGATATATATGCAAAT
Myo_Pf_Panel,AGAAAAAAAAAAAAAAAAAAAAAATATATATATATATATATATATATATTAAACGTGCTATATAAACATATTTACGAGGTCATATGACTCTATCACAATGATAATTGTGTCATCATATAT
Myo_Pf_Panel,ATATAAAATCATATTTGAATACAAATGTAAATGATGGTTTAAAATATTTGTTTATTCCTTCTCATAATTCTTTTATAAAAAAATATTCTGTATTTAATCAAATAAATGATGGCATGTTAT
Myo_Pf_Panel,ATATAAAGAATGATTTAATTGCAACTATAAAAAAATTAGAGCATCCTTATGATATAAATAATAAGAATGATGATTCCTATAGATATGATATATCTGAAGAAATCGATGATAAATCTGAAG
Myo_Pf_Panel,AATGAAACATATTTTTAACAGAATTGAATATCATACAAAAATAATAAACGATAAAACTAAAATAATTCAAGACAAAATTAAATTAAATATATGGAGAACATTTCAAAAAGATGAATTATT
Myo_Pf_Panel,GATCCTAAGAAAATATGTATGGATGATGAAGCACCATATAATTCAAAATATTTCAATAAACCTGATGTAAAAAAGGAGCTATTAAGAGCAGCGCAAATGGCTTCAGCTGGAGGAGCAATA
Myo_Pf_Panel,GATTATCCCTTTTCATAAAAAATTTATTTCATTTTTTCAAATTGTCTTAGTTGTTCTTTTGTTATGTAGAAGTATAAATTGTGATAGTCGTCATGTTTTTATAAGGACTGAGTTATCGTT
Myo_Pf_Panel,GAAATGATAATAATTTCGCTGAGTGTTATATTTTTTTTAACAATGAAAATTCTATATTAATAAAACCAGAAAAATATGGTAATACAACTGCAGGTTGTTATGGAGGAACGTTTGTAAAAA
Myo_Pf_Panel,AAATTATGTATTTAAAAAATGTTGAATTTAGGAAATATAACTTAGATTATATTCGAAAAATAAATTATGAGAAATGTTTTTATTATAAAAATTATATTGATATAAAAAAGAAAATAAGCG
Myo_Pf_Panel,CATGTAATATGGAAAAAGATAAAATAAGTAATAAAGTAAATACATTAGAATACGAAATAAATGTTTTAAAAAATATTGATAAGAATCAAACTATGCAATTACAACAAAAGGAAAATGATA
Myo_Pf_Panel,TAATTGAAGAAAATAATGAATTAAGAAGAAGATTAATTTGTAGTGTATGTATGGAAAACTTTAGAAATTATATTATTATCAAATGTGGTCATATTTATTGTAACAATTGTATATTCAATA
Myo_Pf_Panel,ATAAGAATATATTGTGGATAACTTTTTTTTATTTTTTATTTTTTCTCTTGGGTAAAAAAAAAATATATATAACATATATGATCATAAGTAAAACGACACACATATAATATAAACATGTAT
Myo_Pf_Panel,GTACCTCCGAATTCACCATTTCGAAGTTATTATGACAAAAATTTAAATAAAGATATAAATGAAACTTGTCATTCCATACAAACACTTCTAAACAATCTAATATCTTCCAAAATTATATTT
Myo_Pf_Panel,TTTATTTTATTAACAAACATATTGTAAATAAAATTCAAGAAAACTTTAAATTAAATCAAAATAAATATATACATTTTATTAATTCAAATAATGCTGTTAATGCTGCTAAAGAATATGAAT
Myo_Pf_Panel,TTACTGTTTTATTAGTTCATTTTACCTGATAAAGTCATCTTCCAATGATAAAAATAAAATAAATAAAAACAATATGCCACTTCAACGTGGCGCATCAAATTTAAAAGATATAAATATACA
Myo_Pf_Panel,CATATGTCAACAAATAAAAATAACAATCAAATATTTGAAGAAAGCAAACAAAATGTAAATAAACCTATATATAATTTAAAAAGTTTGGGAAATAATACTTTTAAAAATGACGAAAAATAT
Myo_Pf_Panel,TTAATTCTATATTGAGAATCTTTTTTTTTTTTTTCCTTATTTCTTTTCTTTTTAGTAATTGTAAATTAAATGATTATATAAGAACAAAATACCCATTCATTCAATTTGTATATTCTTATT
Myo_Pf_Panel,TTTACTTATAATTGTACTGCTATTAAAGTCGAAGATGCCAATAATACTGTAGGGGATTTTGCACCTCATTATCATGAATATACAAGAGGAGAATCTTGTATATGCCCTTCATATCATCTT
Myo_Pf_Panel,ACCAAAAGATTGTTCATCAAATCAAACAAATTCTAAAGAATGTATTCTTGTTGTACATACGTGGAATAATAATAAAACTATAGGAGCTAACTTCTCTTGTCATGTTTTATGTGTTGATAA
Myo_Pf_Panel,TATTTTTGTTACATTTATATATTTATATAAATAATGTTGCTAGTAAAGAAATTGTAAAAAAATATAATCTTAACTTAAGAAATGCAATATTGAATAATAATTCTCAAATAGAAAATGAAG
Myo_Pf_Panel,GTTAAATAAAACGAATTATTTGTATTTTACATTTTTATTATTTCTATACATTAGCTCAAATGATTTGTGTTCATGTAATTTGAAGGTAAGAAATAATTGGGAACATTTTTTACAGGTTTA
Myo_Pf_Panel,CAAAAAGTATATACTGATTATGAGAATAGAGTTGAAACTGATATATCGGAATTAGGTTTAATTGAATATGAAATAGAAGAAAATGATACAAACCCTAATTATAATGAAAGGACAATAACT
Myo_Pf_Panel,AATATTAGTATATATTTTTTTGCTTCCTTCTTTGTGTTATATTTTGCAAAAGCTAGGAATGAATATGATATAAAAGAGAATGAAAAATTTTTAGACGTGTATAAAGAAAAATTTAATGAA
Myo_Pf_Panel,TAATAGATCAAAATTGCCAAAAAGTAAATGTAAAAATAATACATTATATGAAGCATGTGAGAAGGAATGTATTGATCCATGTATGAAATATAGAGATTGGATTATTAGAAGTAAATTTGA
Myo_Pf_Panel,ATTCATATAAAGAATGGATATCAAAAAAAAAAGAAGAGTATAATAAACAAGCCAAACAATACCAAGAATATCAAAAAGGAAATAATTACAAAATGTATTCTGAATTTAAATCTATAAAAC
Myo_Pf_Panel,CTGGAGGAATTGTTAATATGAATGTTGAGAAAGAACTAAAAGATACTTTAGAAAATCCTTCTAGTAGCTTGGATGAAGGAAAAGCACATGAAGAATTATCAGAACCAAATCTAAGCAGTG
Myo_Pf_Panel,TTATATATTTTTTTTTTATAGTTCTGAAGGAGTTATGAATGAGAATAATGAGAATAATTTTTTATTTGAAGTTACTGATAATTTAGATAAATTATCCAATATGTGTAATACAAATATAAA
Myo_Pf_Panel,GGAAATTGTGAAGAAATATTAAATACTAAAATAAATCTATTATCAAATAATAATGTGGTTATAAAAATGCCTTCCATATTTATAAATAATATTAATTGTATGCTTTCATCTCAAGATCAA
Myo_Pf_Panel,ATCCTGATCCAAATGCAAACCCAAATGTAGATCCCAATGCCAACCCAAATGTAGATCCAAATGCAAACCCAAATGTAGATCCAAATGCAAACCCAAATGCAAACCCAAATGCAAACCCAA
Myo_Pf_Panel,ATTACTTTTCTTTTCATTCTTTTAAACTTATATATAAATGAAAATAACTTTATCAGAAATGAACTTATAAACGAAAAAAACCATAATTTAAGAAATGGTTCAATGTATAATAACGATAAA
Myo_Pf_Panel,CAACTTCTCTGAATAATAATATACTTGGATGGGAATTTGGAGGAGGTGCTCCTCAAAATGGAGCTGCAGAAGATAAAAAGACAGAATATTTACTAGAACAAATAAAAATTCCATCATGGG
Myo_Pf_Panel,ATAGCTGGAGGATTAGCTTTACTCGCATGTGCTGGACTTGCTTATAAATTCGTAGTACCAGGAGCAGCAACACCCTATGCCGGAGAACCTGCACCTTTTGATGAAACATTAGGTGAAGAA
Myo_Pf_Panel,GGATATAGAAAACCATTAGACAATATTAAAGATAATGTAGGAAAAATGGAAGATTACATTAAAAAAAATAAAACAACCATAGCAAATATAAATGAATTAATTGAAGGAAGTAAGAAAACA
Myo_Pf_Panel,TTAATCACACAAAAGAACAAAATAAAAAATTACTTGAAGATTATGAAAAGTCAAAAAAGGATTATGAAGAATTACTTGAAAAATTTTATGAAATGAAATTTAATAATAATTTTAACAAAG
Myo_Pf_Panel,AAAACTTACTTTATTAAAAGAACAATTAGAATCAAAATTGAATTCACTTAATAACCCACATAATGTATTACAAAACTTTTCTGTTTTCTTTAACAAAAAAAAAGAAGCTGAAATAGCAGA
Myo_Pf_Panel,GTAATGTTGAAAAAGATGAAGCACATGTTAAAATAACTAAACTTAGTGATTTAAAAGCAATTGATGACAAAATAGATCTTTTTAAAAACCCTTACGACTTCGAAGCAATTAAAAAATTGA
Myo_Pf_Panel,CTTTTCCATATTACCATTTGTTTAGTTACACTTAATTTATTTATATTGGAAATAAATGCAAAAACCAATACAAGTGAGAATAGAAATAAACGAATCGGGGGTCCTAAATTAAGGGGTAAT
Myo_Pf_Panel,TCCAATAGAACAAATATTAAATCAACCTGAACAAGAAACAAATATCCAGGAACAATTGTATAATGAAAAACAAAATGTTGAAGAAAAACAAAATTCTCAAATACCTTCGTTAGATTTAAA
Myo_Pf_Panel,TTGAAGAAGGTCATCATGAAGAAATTGTACCTGAACAAAATAATGAAGAATCAGGTGAAAGTAAATTAGTTGATAATGATGAAGGTGGTTTTGAAGAAGCTCATCATGAAAATTTTTCAT
Myo_Pf_Panel,GAACCAAATCAAAATAACGAATTTCAAGAAATTAATGAAGATGATAAAAGTGCACATATTCAGCATGAAATAGTAGAAGTAGAAGAAATACTTCCAGAAGATGATAAAAATGAAAAAGTT
Myo_Pf_Panel,GAAATTGCTTTTTGTCTGGGACATCTGATTTACAAAAATGTATTTCATGTGGAGAGAAGTATTACAAAATTAGTCCTTGTACACAAAACCATGGTAAAAATAAATATATGTATATTTATT
Myo_Pf_Panel,AGGATATATATATCATGGGTATTTTAAGGTATCCTTTAAGGATTATGTAGTTAGTAATAGAACCAATGATTTAATAAATATAATAAAAGATTATATTATTCAACAAGGATCTGTATTTGT
Myo_Pf_Panel,TAATCCATATAATAAGAATGATAATAATTATAATCCTTATAATAAACCTCATTATAATGATAAGGAAAATGATGCTTATTATGAAAAAAATGATGATTATAATAATGCACATATTAGGAG
Myo_Pf_Panel,TGCATAATCAAAATGTAATATATATATATATATATATATATACATATTATATATTTTTTTAATTTTTTTGTTTTAGAAAAATGTGATACCTTAGCTTCCAATTGCTTTTTAAGTGGTAAT
Myo_Pf_Panel,ATGCAGCTGTATGTCTTAAAAATGTTGATGATTGGATTGTAAATAAGAGAGGTTTAGTATTACCTGAATTAAATTATGATTTAGAATATTTCAATGAACATTTATATAATGATAAAAATT
Myo_Pf_Panel,GGATTGTAAGAAACAGTTGGGGTCCATATTGGGGAGATGAAGGTTATTTTAAAGTAGATATGTATGGACCAACTCATTGTCATTTTAACTTTATTCACAGTGTTGTTATATTCAATGTTG
Myo_Pf_Panel,AAAGCTCAAGAAAAAGGATTACCAGAACCTACTGTTACTAATGAAGAATATGTTGAAGAATTAAAGAAAGGTATTCTAGATATGGGTATCAAATTATTATTTAGTAAAGTTAAAAGCCTA
Myo_Pf_Panel,TGCTCTTTGTCATAAGATGGAATATTATTAGTTGTAATAAAAACGACAAGAACCAAGGTGTTGATATGAATGTTTTGAATAATTATGAAAATTTATTTAAATTTGTTAAATGTGAATATT
Myo_Pf_Panel,TATATAGTATTTTCTTTTCTTTATTTATTTTGAATCTTCATATATATATAAAAAATATCAAATGCAATGACCTAATAAATTATAATGATTCGAATCTAAGAAACGGATTACTAAATAATA
Myo_Pf_Panel,ACATGATAATATGGACAGAATACCACAATATCTTAGATGGTTTAGAGAATGGGGAACATATGTTTGCAGCGAATATAAAAATAAGTTTGAGGATGTAATAAAATTATGTAATATCCAACA
Myo_Pf_Panel,TAGGATCAAAAAATTGGAAAAACCATGTTATTCCATTTACTGATAAAATTATAAAGGATTTAACAATAAGCAAAAATGAAGTACATGTAGGAATTTTGTTATTTTCTAGTAAAAATAGAG
Myo_Pf_Panel,AACAACTTTTGGAAATGGGTTTGACATACAGAAGAGAACGAGTAAAGTTATTAGTTCTTGGTGTAGCTGCTGCTGAAGATAATAAGTTAAAATTAATAGCTGGGTGTGAAGAAAATACCA
Myo_Pf_Panel,TCCAGAAGAAAATCCTAATCCAGTGGAAAAACCAGAACCAGAAAAGAATCCTTGTATAAACATGGAAGATTGCTATTGTAAAGATTTTTATGATATCACTTTAGTTTTAGATGAATCAGC
Myo_Pf_Panel,CGAATGTTTATGCCACAATACCTACGACTTAACATTAATTATAGACGAATCTGCAAGTATTGGATATTCTAACTGGGAAAAGGAAGTAGTTCCATTTACTATAGGACTTGCAAGTAATTT
Myo_Pf_Panel,TCAATGGAATGTATATATAAAACAGTTTGTTATAAACACAGTGAACCAAAACTATTTGTCAAAATATCGAAGTCATATAACTATTGTAAAAATGGGAAAGAGTACTAAGGAAAAATGGAG
Myo_Pf_Panel,TGAAAGGAGTGAAACAGAAGTATGTGCTTTTATTCCTGCATGTTCTGATGAAAACTGTTTTGAATGGGAAGAATGGAATGAATGGTCTTCTCCATGTAGTCCTAGGAAAAGAGTTCAGAA
Myo_Pf_Panel,CTCTTTTCTTTATCATTTTCAATAAAGAATCCTTAGCCGAAAAAACAAACAAAGGAACTGGAAGTGGTGTTAGCAGCAAAAAAAAAAATAAAAGTAAGTCATTTTGATATATATATATAT
Myo_Pf_Panel,AGCATTTTTTAGTGAAATATTTGATAATGTAAAAGGAATACAAGAAAATTTATTAACAGGTATGTTTCGAAGTATAGAAACCAGTATAGTAATCCAATCAGAAGAAAAGGTTGATTTGAA
Myo_Pf_Panel,AGATGAAGATATAGATGAAGATATAGGTGAAGACAAAGATGAAGTTATAGATTTAATAGTCCAAAAAGAGAAACGCATTGAAAAGGTTAAAGAGAAAAAGAAAAAATTAGAAAAAAAAGT
Myo_Pf_Panel,AAAACATATAATGAAAATAATAATGAACAAATAACTACCATATTTAATAGAACAAATATGAATCCGATAAAAAAATGTCATATGAGAGAAAAAATAAATAAGTACTTTTTTTTGATCAAA
Myo_Pf_Panel,ATAATATATAATATATCTTTGTTATTATATATAATTTTTTTTTTTTTTTTTTTTTTTTTTTCATAGGGTAATCTTGGATATAATGGAAGTTCATCTTCTGGCGTACAATTTACTGATAGA
Myo_Pf_Panel,GCAAAAAAATATGATACCCAAGATGTTGTAGGATATATTATGCATGGAATTAGCACAATTAATAAAGAAATGAAAAACCAAAATGAAAATGTACCCGAACATGTACAACATAATGCTGAA
Myo_Pf_Panel,AATATTTAAATCTTGAAGAATATAGAAGATTGACTGTGTTGAACCAAATCGCTTGGAAAGCTTTATCCAACCAAATTCAATATTCATGCAGAAAAATTATGAATAGTGACATTTCTTCCT
Myo_Pf_Panel,TTTACAAAAAAATTCACCAACCTTTTTAGAATCAAGCTTTGATATCAAATCAGAAGTAAAAAAACACGCAAAATCTATGTTAAAGGAATTAATCAAAGTAGGATTGCCATCATTCGAAAA
Myo_Pf_Panel,AACTTTTTACTAACTTTTTTAAAAAGGTGCTTGATGAAAATATTTTCTTCACCCAAAAGAAAAAAAACTGTAGTACAAAAAAAACATAAGTCTAATTTTTTTATAAACAGTTCGTTGAAA
Myo_Pf_Panel,TGGTTCCAAAGTTTTATTAGATGATGATACAATTAGTAGAGTATCTAAAAAACATACTGCACGAGATGGTGAATATGGTGAATATGGTGAAGCTGTCGAAGATGGAGAAAATGTTATAAA
Myo_Pf_Panel,TATAATAAAGAGATGAATGCAAAATATTTTAATGTTCAGTATGTTCACATTCCTACAAGTTATAAAGATACATTAAATTTATTTTGTAGTATTATATTAAAAGAAGAGGAAAGTAATTTA
Myo_Pf_Panel,TAATGTATATAAAGGATTGAATTCTGTTGATATTACTACTATATTAAAAAATGCACAAACATATAATATAAATAATAAGAAAACACCTACCTTTTTAAAAATTCCACCATATAATTTATT
Myo_Pf_Panel,TAATGTACATTTATGTAATTTCTTTGATAATCCTGAATTAACATTTGATAATAATAAAATAGTTTTATGTAAAATCGATGCAGAACTGTTCTCAGAAGTAATTATACAATTACCAATATT
Myo_Pf_Panel,TGAAAATGTTATAAAAAATTTCCTTTTACCTAATATAGAAAAATATGCACTACTATTAGATGATGAAGAAAGACAAAAAAAAATAAAACAACAACAAGAAGAAGAACAACAAGAACAAAT
Myo_Pf_Panel,ATACATATACTTATTTAATATTACCAGAAAAATTTGAAGAAGAATTAATCGATACCAAAAAAGTTTTAGCTTGTACATGTGATAATAAATATATAATACATATGAAAATAGAAAAAAGTA
Myo_Pf_Panel,TAGTCCAAATAAATATTTAAAAAATAAAGAAAATTATGGTATATTAGATGATAAAGGAAAAATTAAAATATACGAAGAAAATAATGAAGAATATGTTACTGATGTTGGAAGTGGGGAGAA
Myo_Pf_Panel,AAAATGGAAAAGATAAATCTTCTGAAGAAAATGCTAACGATAATGTTATGACAGAGAAAAATGGAAAAAATAAATCTTCTGAAGAAAATGCTGACGATAATATTATGACAGAGAAAAATG
Myo_Pf_Panel,AACCATCAAACGAAAATATTTTAGTAGATGTAAATGCACAAGATGATAAAAATATATCTAAATTAACTAATGATTTGCATGATCAGGAAAAAGGAACAAATAATGATTCAGTTGTAGAAC
Myo_Pf_Panel,AAAATTTGAAGAAGGAAAGAATAAAGAAATTAAAGAAGGAAATAAGAAGAAAGTTCAAGAACAAAATGACAAAAAATTTAATGAAGAAATAGAAAAACTAATCGAAGAAGGAAACGAGAA
Myo_Pf_Panel,GAACGATAAAAAATTTGAAGAAGGAAATGATAAAGAAATTAAAGAAGGAAATGAGAAGGAAATTAATGAAGGAAATGATAAAGAAATTAAAGAAGGAGAATATAAAAAATTTGAAGAAGA
Myo_Pf_Panel,GGAAATTAAAGAAGGAAACGAGAAGGAAATTAAAGAAGGAAACGAGAAGGAAATTAAAGAAGGAAACGAGAAGGAAATTAAAGAAGGAAACGATAAAAACTTTGAAGAAGATGATTACAA
Myo_Pf_Panel,AAAAACAAATTGAAGAAGGAAATGATAAAGAAATTAAAGAAGGAGATCATAAAAAGTTTGAAGAAAAAATAGAAAAACAAGTTGAAGAAGGAATGAATAAAGTAATTAAAGAAGGAAATG
Myo_Pf_Panel,GTTCGTTGATTGGACGATACACATCACTATTTTGATATGGATGTTCCCAATAATTCTGTCCTCTTCCAAAGTTTATCATATATGTAAACTCAAAGGCGCTCAATAATAATACGCAGTATA
Myo_Pf_Panel,AAAAGCACTTTTGATCATACTAGCGTTCTTATTTTTGAAACCTTCTTTAATTTTTTCATAATCTGTTAAATGTTGTTCATATTGTTTAGGTTGATCCGAAGCACTCAATTCAAAAACTAA
Myo_Pf_Panel,GTATGTGATGCTCTTTTTTCTTCCCCCCAAAAAGATGCCTCAGGATCTAACATTTCATCATTTCTTGAATTTGATTTCCCATAATCTTGTGGTTCATCCATTTTATCATATTTTTCAGCA
Myo_Pf_Panel,CTGAAGTGGCAAGTTTATATTTGGATTTTCTTTTGTTAACTTCAACAAGTTCTTCTTCTTTTTTGATCATATCAGATATTAAATCGTGTACATCTATTAATGGTTCACCTGATCCTTCTA
Myo_Pf_Panel,GGGTCGCTTGATCCTATTTTGAATGGGTGTCTTCCTTTTTCAGTATTGTATAATACTAAACCAACACCTCCTAATAATACGGTGGATACTACACCTAATAAACCTGCAAGTACTGAAGTG
Myo_Pf_Panel,TTGTAAATCAGATGTCCCAGACAAAAAGCAATTTCTTAATACTGTGCGGCATATATTACAATGTAGAACTCCAAAGCAATTAATTAACATATTTGAATGTACTGTACACAGGGAAAACAT
Myo_Pf_Panel,TGATTGAGAACCCTAATTCTATGCTCACATTCATTTGAATCAGAAAAACGATCACAAAATTGCCTGTCACAATTTGTGCTAGAGGCATATAAAGAACTTTTTAAAGTCTTAATATCATAA
Myo_Pf_Panel,GATTATGTGCCATATTTAAAAGTAAAGGAAAGGCATTATATAATACTTTACCATTACAATTATTGGGACCATACATATCTAATTTAAAATTCCCCTTATCACCCCAATGTGATCCCCAAC
Myo_Pf_Panel,TGACATTACGTTTCTTTTTCAATTTAGTATCCTTCTTATTTGTTTCTTCATTTTTTGCATAGTGCGTTCTTACAATGTGCAAAGGCAAAAAAAGTAAGAAACAGGAAAATATTAATACAA
Myo_Pf_Panel,GGTGCATCAACTCTATTATTGGGGTGTCTTGTAAAAGTTTTTAATGAATATTGTAAAGCATCGACAAGATGGGTAGCACCACCATATCCATATTTATCTTTTAATTCTCTAACTAGTTTT
Myo_Pf_Panel,TGGTGCACAACCAACTAACATTTTCAATTTATTCTCACTTGCTGTAGAAACTCCTACTACCAATAATTTGACATTTTCTTTTCTATATAATAATGCAATATCCTGTAATCCCTTTTCTGA
Myo_Pf_Panel,AATTAAATTTGACGTATATTTTAAATTATTCCATTCTGCTTTTACAACATATGGACAGTCACCATCCGATTTATCACATCCACCTAACAATCTTAATTTATGAATAGTAGGACCTCCAAT
Myo_Pf_Panel,CACCACCAATATATGAAAAACTTTTAGATGCATATACATGTGGACAATTATCCCCATTCATATTACATCCTCCAGCATTAAATAATTTTCCCGTATTCGTTATACCTATACCTATAATCA
Myo_Pf_Panel,CACTACTATTATTATTATTATTATTAATTGTAGGACACGTTTCAGGACAGGGACTCCATTCCTCCCATTCAGAACATTCGGCATCTTCAGGATAACCATTACAAATATACTTCATATGTA
Myo_Pf_Panel,ATAGTATTCTAAACATTCTTTTTCATCTTCATCTCCAACCATATCAAACATGTGAGATATAAAATGTCGTATTCGAACACCAACATTACATGTCCTATCACACTCAGACCAATCTGACCA
Myo_Pf_Panel,CTTCACGATATTTTATTTCATCCACTATATTGTTTTGCACATCTCTACCATTAACTAGAAACAAATCAAAGAAAATCAAAAACACAATGACTAAATATTTAACATTCCCAAGATGATTCA
Myo_Pf_Panel,TCATCTAAATCAAATCCGTTTGGATTTTCACCCTTTCCTTCTTCTGGATTTGGTGAAGGTTCTTGTGGATTATTATCTATTATATTTTCGTTTGGTTTTTCGACAGCAAAATTATCTCCT
Myo_Pf_Panel,GAGATTTTCGAATGATGGCAATCCTACTTTGATTAATTCCTTTAACATAGATTTTGCGTGTTTTTTTACTTCTGATTTGATATCAAAGCTTGATTCTAAAAAGGTTGGTGAATTTTTTTG
Myo_Pf_Panel,TTAATCGAAAAAATCATCTGATAAACTTTCTTCACTTTCTGAGACGTCTGGTGAATTGTAATTCCATATCTCATCAGAAACTTTCGCACCTACAGCTGTTTCTACCTTATTAAATAAAGA
Myo_Pf_Panel,ATAATTTAATTCATTTAGAACCCTTGTGTTTGACGAACTTCCATAGCACTGGTATTCCTGGAATAAGGCCTCAACAAATAAAAAGGAAGAAACAGATAAAATAGCTAATTTTCTCATCAT
Myo_Pf_Panel,CCATTTCCACAAGTTACACTACATGGGGACCATTCAGTTGAAAGAGAATTTTGTATTTTGTTTAAATATTCTTTTATGTGCTTATCACTTGGTTCTTCGTTATTATTATTTTTTACAGCA
Myo_Pf_Panel,CCACTTTGAGCACTTGCACCTTTTGTAGTAATTTCTTCTTCATTTAATACCATTTTTTCCTTTTGAAATAAACTATAACCTGTCAATACTGCATCTTCTAAAGCTTCTAGTTTTTTGACA
Myo_Pf_Panel,GCTAATGAATTATGAATATCAGTGAGTGGTAAAGGATATACAATACCATTTGGATAAGGAACTTTTGGTATTTGAACAGATTTCGTAGGATCTTGTGATTTAGGTGTTACATCAACTTTT
Myo_Pf_Panel,CCCCATCTTCAGTTGTTTCGCTTGCTGCAACTAAAGGTTGTGTAATACTTGATAAGACAGCTTGTTCTTTCTTTAACATGTCTTTTACTTTTGGTATAAATTCTTTTAATTTATCTACTT
Myo_Pf_Panel,AATACCTTTCAAATCGTTACTAATAGACAATACTGTTAAGGGATCATGACTTTCTTCAACTACAGCAGGACCAGATGATACAGCTACACCATTTTGGGTATTGGTAGAGGATGCATTTGA
Myo_Pf_Panel,TCCATTGTGACAGATATTGCTTCTCCAGTTACTACTTGATCTAAATATTCGTCATTATCTTCGGATTCTCCAAAAATGGGTAATACAACTAAGGAATCATCTTCTTCGTCATAATTTTGT
Myo_Pf_Panel,CATCCACCATTATTTTCGTTACAAGTAGGATTTGGATTTTCAACACATTTATCACCTTCTTGTTTGTAATTTAATAAACATTTACATTCTTCTCTTTCATCTAAATGTCTGAAACATCCA
Myo_Pf_Panel,ACATTCAGGTTCTAAAATTTCCATTTTAAAATTTCCATTGTTTTGATAAACCTGTAAAAAATGTTCCCAATTATTTCTTACCTTCAAATTACATGAACACAAATCATTTGAGCTAATGTA
Myo_Pf_Panel,TAATTCATTACAAGGAGGTAAAGGAATAATACATGGTCTAGATTCCTTTAGGTCTCCTTTAAAACAATCACCTGAAGGATGTATACATTCTCTTTCTCTTATTTGGACATTATCAGGATG
Myo_Pf_Panel,CGCATATCTGGCTTTAAATTATGAACACCTTCATTTGAAAAATTACACTTATATCCTATGAATCCAGATATTTCACTATTCAAAGAGCTAGGCTTACAAAAATCATTGTTTCCACTTATT
Myo_Pf_Panel,TCAATATCTCCTATATTTATTTGTGAATCTAAATAAACAATGTTGGATGGTTCAAGTTCTTCTGATTCAGGTTGATATACTTGAAAAAAGCAATCTGGTATAATATCACCAGGACAATTT
Myo_Pf_Panel,GACCACTCATCTGAATTAAAAATCCTCTTTTGCATACAGTATCCACGGTAACTTTCGCATTATTATATTTTATGCTAAGTTGAATGAAAAGGAAAAGAAACAAACTGTAAAGTTTATTCA
Myo_Pf_Panel,GCTTTCATTATCTATTATAAATCCATCTTTACAATCACATTTATAAATTCCATCAACAGCTTTACAGGTTTCATTTTCTTTTAAGCATTTTAATGAGCATTTGGTTTCTCCATCTTTTGA
Myo_Pf_Panel,CCAGCACTACCACCAGCACTACCACCAGCACTACCACCAGCACTACCACCAGCACCAGTAGAAGGCTTACTTTCTGCCATACTTCTCCTTATACTCATATTATAAGCATTGTTTATGAAT
Myo_Pf_Panel,TGAATATGGCAAAAGATAAAACAAGTGTTGCTGAAATTAAAACAACAAATTTATTTATTGAAGCAATATTACTAGAGTTATTTAAGAGGGATGTTGCTGCTCCACAGTTTTCTTTGTTAC
Myo_Pf_Panel,GATTTTTCAGCATCATCTTTTGCCTTTAAAGCAGTTTCAACAGCTTTCTTTGCCTTTGAAGCAGCTGTACATGCTTCTTTTGCTTTTGTATAAGATTTATCAGATTCCTTTAAATTTACT
Myo_Pf_Panel,GGTAGAATCTATTTGATTATTTCCCTTGATTAAACCAGCTAAAGTTTTCATGATGCTTTCAGCAGCTTCTTTTACGTTTTTCTCATTATTATTCTGGTTTTTAGAAATTAAATTCTGTGC
Myo_Pf_Panel,CCTTCTTGATCTTCTTGAATAAAAATAGATTCTTTAGGGATATCATCTATATCTAATCCACTAGGAACATTTTCTGAAACAAGCGATTTTTCGCTTTGTTCTAAAACATCTTCAGAGTTT
Myo_Pf_Panel,TTCATGGTTAGAATGTTTAGGGGAAGGCACATCATCTATTATTTCTTCTGTTTCAACATTTTCAGGAAGAATAATTTCTGAATCTATATTTTTAGGTTCAAACGATTCAATATTAGGTTT
Myo_Pf_Panel,GTGGATTTGGTTGTGAGTCAACAAAATTAGGTTCAATTATTTGAAGGTCTACAATTTTAGGTTGAACATCCACTTTTTCAATTTCTTCAAATGGTTTTGAAGGAACTGGTCCATCTTTCT
Myo_Pf_Panel,TTGTTATTTGTTTGTGATGGTACTTCTTCAATTTCAACAATTTCTGGAAGAATTTCTTCAACCTCTACTATTTCATGTTGACCTTTTTCATTTTTATCATCTTCTGGTAGAATTTCTTCA
Myo_Pf_Panel,GCACTTGAAGATTCATTTCCTCCAGGAGTATTACTAGTACTTACTCCGTCCACATTTGGTTTTTCTTCCCCTAGAATTCTCATATTTAACATTCTTCCATTTTCTGGTACTATATTATAA
Myo_Pf_Panel,ATAACATTTTATTATTTACCTGAATTTGATGAACTTGGTTGAACTACCTTTTTAGGGATAGCTTCAGTTTTTTTTTTATCATCAACCATTTGGGATTCTTTTGGAGACTTTTCTAGAACC
Myo_Pf_Panel,TCATCACAAGCTTTAAATGAATTTTCAACTTTATCACAGACTACTTTTTTTCCACACGTGTCCTCATTTATTAATACATATCCTTCAATACACTTACATTCATAATGATTACTCATCTGA
Myo_Pf_Panel,TTATATTAACAATTTAATAAATATTGAGCATACAATCAGAACGTGTGTTAGGGTTACTCCGTTTATTACACTATATGATGTATCAGCCTGGTCCACAGTATTTCCTCCTCCGTTAGATGA
Myo_Pf_Panel,TGCATAATTGGATTCTACGATCAGGAATACATACATAGTTGCTTCTATCATTTTTCTTTTTACAATCCCATTTCATTCCTTTCCTTTTTTCCCTACAATTACTTAAAACTTCGTTATTAG
Myo_Pf_Panel,CATATATTGCAATAGCAAGAATATGCTCTTTTATCATTAATAGGTTTTTATCGTATATTCTATCAATGTTTCCAAGACATAATTCTTGCCTCCTCGGAGGTACACATACATCTTTAGTGG
Myo_Pf_Panel,TATCTTCATGCAATTGAAGTGTATCAGATAATTCAGGCTCATCGACTGAAGTAGACAATGCTTGTTTATTGTGGCCTTCTTCATGTCTACTTTCTTCTGTAGTGGAAATTCCCGTTTCGG
Myo_Pf_Panel,CAGGAACACTAATTTCGTTTTGTACATGTGTGGTTCCCAAATCACCAACAGTTTTCATATCGTTTTTCTGTTGATCACTCTCAATATGTTGACTACTATTATGCGACATTTCAGATGTAT
Myo_Pf_Panel,CTCTGAATCATATGTAAAATAGCTCATACAGTAATCTGATACTGCACAACACAGATTTCTTGTTTTTTCTTTAGTGCATGTTTTTAATGGGATTTCTTCATGAATCATATGGTCACAATA
Myo_Pf_Panel,CCTGTATTACCTGCTTGACCTCCTCCTGTATTACCTGTTTGACTTTCTCCTGTACATTTTATAACATTTTTGTTAAATATAACACCTAAAAAAAAATAATGACAAATGTTTGTGTATGCG
Myo_Pf_Panel,TAACAGTAGGGGAATCAGGTCCATTAGCAGGAAGACTTTCTGAACTTGAACTAGAACTTGAACTAGAACTTGAACTTGAACTTGAACTTGAACTAGAGCTTGAACTTGAACTTGAGCTTG
Myo_Pf_Panel,CTTACCATCTAAACTATTAGGTTCATTTTTGTTATGTAAGATTTTTCCATTATCCCATAGATTCATCCAGTGATCTTCTACCTTTGGACATTGTTCTCCAACTTTCACATAGTTATATGG
Myo_Pf_Panel,TTATACATAACAGAAATAACATTCGTTATTTGTATCCAATTTGGATAAACAAAGTCCTGGTGATGTTTTTTCCTCGCATGTTTTCCAGTTCACATTACATAAATTTACACATTTTTCATA
Myo_Pf_Panel,TCGTCATTTTCTTCTACACTTTCTTCAACTTTTTCTTCAACATTGTGTTGTTGTTCTTGTTGAACACTTTTTACTAAACTATTAAAAATATCGTCATTAACTTGACTTTCCTCCAAAATA
Myo_Pf_Panel,ATTTAATATACTGTCCTTTATTTCCTCAGTTTCGATACCACCTAATAAATTACTTAAAAGATTGTCTGATAAATTTGTTGCAACGTTTTCAGCAACACTTTCTTCAACAGTTGGAGCTAC
Myo_Pf_Panel,ACCGGTTCATCCTTAATTTCTTCTACAGTAATTACATCACTTTCACTTTTAAATACATCTTCCAAATTAAAAAACATTTCTTTCAACCCTCCTGCCTCATTTAATATTCCTAAAAATTGA
Myo_Pf_Panel,TGCACTAGATAAAACATCTTTTAAGGATTCAACTCTTTCTCCAAGTTTTGCTGTTACATCTTCTAAACTTTCCTTATCCATATCCCCTAATTCCATATCTCCCTTTAACATGTCTAATAT
Myo_Pf_Panel,GAAGAAGCTATTGTTACACATGATGAAAATAAAGAAAATGTAAAGAACCCAACTACATATGATGCAAATGCTGCAACGGCAGATATGAATGGTGCAGCAAATACTTTATATTTTTTTACG
Myo_Pf_Panel,CAGAAAAAGGAATTTCTGAATCATCAACATTTTTTTTTTTGTATGTTATATCATCTACATTAGCTTTTAAAACTTCTTCCCCATCAATCTTATGTCCAGATTCGTGAATACTATTTTCGT
Myo_Pf_Panel,TTCCTCTTTAACTTCATTTGTAATTTCATTGTCTGGTTTTTTTTCTTCTTTTTTTTCTTCCTTTTTTTCTTCTTCTTCCTTTTTTTCTTCCTCTTCTTCCTTTTCTTCTACACTTTCTTC
Myo_Pf_Panel,CACTTACATCAACGTTCACATTCATTTGTTGATTTTCTTCATTTTCATCTTCTTCATTTTGTTGATTTTCTTCATTTTCATCTTCTTCATTTTGTTGATTCTCTTCATTTTCAATTTCCT
Myo_Pf_Panel,TTCATCAGTTATATCATCAGATTGGAGTATGGTATCTATAATGTTTTTAATATCTGATATGTCGTGTGATTTTTTTCCATTGTCATCATCTCCATTTTTGTTGTCATCTCCATTTTTGTG
Myo_Pf_Panel,TCAGAATCGTTTATGTCATCATCTGTTTGTGTTTCTTGATCATTCTGTTCAGTATTTGGTACATTTTTAGGTGTAAAAGTAGTATTAACAGATGTACTTTTTTTAAGGTCATTTTCAGCT
Myo_Pf_Panel,GGAATCTCTTATCTTCATCATCCTTAATATTATTTCCCTTTATCACATTACAACGCAGGTCTTTTTTCTCGCTAAATATGTATACCAGGATAATGAGGAATAGATTCTTCAGCGTTATAA
Myo_Pf_Panel,CATCATTAAAACTTTCTTCTGAAGATTCAGCACCTACTTCTTCCTGATGTTCCTCTTGTAATTGTTCTTCTGTTTCATCCCCACTTTCTTCATAAACATAATCATCATATTCTTCCTCCT
Myo_Pf_Panel,TGTACCACAGGGGGAAGAGTAAATTCAATAACACCTTCTTTAAAATTATTCTCCTTTTCGTTAACCGTCGGAGATATTAATAAACCATAAATAAGTTTCGAGAGAAGTTTTTCCTTTAGT
Myo_Pf_Panel,CCGTAAGACATACCGTCTCTTGAGTATCTAAAAAATTTAATAATTTCCCTAAACTGTCTGCGGAAGATAAGGGAGATAATACAGATGATTGCTCAAAATATTTCACATCTTTATGATTTT
Myo_Pf_Panel,TGTGCATGTTCATTATCAAATGAACAACCTTTTACTTTCTGCTCTCTTTTTGAAACAGTAATATGATATATAACTTTTCCTCCTAATTGATTTTTCCACATTGTTTTTGAATTATCACAT
Myo_Pf_Panel,GTTCATCATATAAACTTTCCCATGTATCATATCCTTCTAATATTAAATGTTCTGCATCTACATCCCCGGTTGGAAAAGGTCCAGATTCATTAGATTCATTAATACTTAAAGATTCGATAA
Myo_Pf_Panel,GGTGGAACAACAAAAGCAGCATATGATGTAAAAGGATCCTTTTTTTTTAAAACTTTCATAGGACTAACAATAGCCCCAGGTAATATACTTTCTAAATCTTTTTCTTCTTCAGTATCATCA
Myo_Pf_Panel,AAACCTTTAGGACATTTCAATCCAAAAATATCTCCTTTTTTAATTTTAACAGTGCACTTTTTTTCTTTTACTTGACTATTTAATTCCATTAATGAAGTCGAACCTGTTGTGAAATCACAT
Myo_Pf_Panel,GGTGGAATTAAAATACTTGATACACCATCAGTTGGTAGTGTAGTGTTTTTTTTTGTAGCTGTTTCATCTCCAGTAACTTTTGATTTCATAAATAAGACTCCTTCTAATGCAGATGATAAG
Myo_Pf_Panel,TGTGGATAGATCGAATAATTTTTTAACTTTATTGGCTTCATTATAATCATAAACAGATGAGAAGCAGTTATTTGGTTTTAATTCAAAATGGCTTAAGCATGCAAAACCTGAGAATGTATT
Myo_Pf_Panel,TGAATCTGTGTATTGTTTTTCCTTAAGTAATTCTTTGCATTCTTCTTTTATATCAGCACATTGAGGATCTGAAGGAGCTTTCTTACCTTTAACATAAGTATGTTCATTACAATATTCACA
Myo_Pf_Panel,TCCACCTGATTGAGCTAATGTATTTTTAACAACATCCATAAAATTATTTCCTGTTATCATATTTTTCATATTAACATTTAACACATCGTTAACTGGGACGATACCTAATTCGTATGCTGT
Myo_Pf_Panel,ATTTGCTTGGTGATTGCTTCAACTTGTTTTTCCATTTCTTCCTCCGTTTCTTGATTAAGAACATCATTTTCTAGAATATTTTGTTGAAATATTTGTTGAATATTTTTGTTTCCATTTGTA
Myo_Pf_Panel,AGAAACATCTAAATCTCCATAAACGACAGTACGACATGTGGAATCATCTGTAGAAGATGTACATACCTTTTTTTTGGAATAAGAATATACAAATTGAATGAATGGGTATTTTGTTCTTAT
Myo_Pf_Panel,TTTCAAACCACAATTTCTCATAACATCAGTTTCTATTACATCCGCATCATCTAAAGGTGAAGATGGAATAACAACATAATCATTTGATAAATTAATTAAAGTTCTTTTTCCATGTCTTTC
Myo_Pf_Panel,TCATTGGGAGAGATGCACATGATATAAAAAATTTAATGATAAATGGTAACAGGGGTATTAAGGATGGTGCAAGAAAAATTAATATAGCTATCGTTACAAATCTTCCAAGGTAATCTTTAA
Myo_Pf_Panel,TTTCTACCAGTAGAATTTTTTGGAGGACAGGATAAGACATTTTTAATACCCTTACAAAAATTTTCATCAGGACATTTATTATGATTTCCTTGTAGAGGAGAATAACCAGAAAAAGGGAGT
Myo_Pf_Panel,TATTATTTCCTCTTTGCGTTACAGAGTTTACATTATCTAATCTGTTGGTTTGATCAACTTGTTGCACAACAGTTGCACGGTGTGAATTTCCTTGAGATGTTGTTATATTCCCTCGTTGAT
Myo_Pf_Panel,CAGATGACCCAACTACAGTTGGCTTAACATTAGTCAGGGGATTAAAATAAAAATCACATACGTATTGTGTTGAGCTTAATAGTTCACTAATACTTTTTTTTACCCAAAGGAAGAAATAGA
Myo_Pf_Panel,CGATATGTAATTCCATTACTGCTTTTTTTCCACCTTGTTCACAAATACATCTAATTTTATTTGTTTTTTCTGGTTTTGTTGGTAAGGCTAACATATACATGCCTTCCTTATTATTTCCAT
Myo_Pf_Panel,CGGGTTTTTTCTTGATTCACCTGGTCGTGCTCGATGTCCCTCAATGACACTTACATAAGTGCTTAATAAACAGCATAATAAACAAATAACTAAAAATGAATATTTCACAGTAAAATTCAT
Myo_Pf_Panel,TCAGTCTTTACAAAATCACCAATGGATTTTACAAGCATTTTATCATTCGGATTAAAAGGGGTTGAAGGAAACATTAATGTAAATCCCATTATAATAACATAATCATATTTTTTTCCATAA
Myo_Pf_Panel,GGACGGCCTGTTAAATCAGTTTCTTTAAACAAATCATTTAAAGTTATCCAAGAATCTTTTACCTTCTTTTGAACATATATATGGGTTTCATCTTCTTCGCCTTTTAAATCATCTAAACAT
Myo_Pf_Panel,TATATATAATTATTTTTTTTTTACCCCCATGTCTCGCCTTTGTCGTGACTTGCCATACATAAAATGTCATCCTTCTTATTGTCATCCTTAAATTTATAAGGACTTACACCACATATTAGA
Myo_Pf_Panel,CCTATATACATTTAAACAGCTCTTTAAATTATGTATATATTCGATTAATAACTCGGAATTTTCTAAAGGTAATGATGTTGATTCGTCATTTTCATTTTTACTTCTTTTCTTATTACTCAT
Myo_Pf_Panel,TGCTCGTATTTTTTGTCCTCTATTTTTTCTTTCTTACCTTCATCCTTTACCTTTACCTTTACCTTTTTCTTCTTCTTATTAATATATTTTAAAAAAACTTGTAAAAAATTTTCTATATTA
Myo_Pf_Panel,TGTGTGAAAGATAATTACAAATGTTATTATCATCATGTTTATTTTTTTCAATATTTTCTTTACTCAATTCATTATATTCCTTTAATTTTACACTTTGCACAGTTCCTATCTTCTCTTCTA
Myo_Pf_Panel,ATTAACAAAAATATTAGAATCACTGTTAATTTTGTGACATACCTTCAAAGGATTTTTTTTTACATCATCTTCATTCAAAGAATCCTTCTTATAATTATTACGAAATCGATAATTACCATT
Myo_Pf_Panel,CATTTGTTCTTCTCTTTGACTATCAGAAAGTATTGCATTTTTTCTTGCTTGAAAAAATAAATTTAAATAAATATTAACAAAATCATCATGTTTTTTATATATATTATTTATATGTTTCAT
Myo_Pf_Panel,TAATATTCAGATCATAATTATTGTTCGTATGGTGTGTTTTATTTATATCATGTTGATTCTGTGAGTTCTTAGAATCTGCTTCTGGATCGTTTTTTTTTTCTTTTGAGGGAATTGCGTCAT
Myo_Pf_Panel,CGTTCTTGTGGTAGATTATATTTGTTTTCGTATATGTTTGTATTAGTTGTTATTATTTCATCTATATAATTATTGATAATTGTTTTATATTTTGAACATGTTAAATGACAATCGGAATTA
Myo_Pf_Panel,TATCATCTATATTTTTTTTAAATGTTTCGTTTTGCATGAATTTATTTAGGAATTCATTTTTGTTGATGTGTTTATTTATATTTCTTAAATATTCGACTTCTAATGCTTTAGGTTTAATGG
Myo_Pf_Panel,TCTGCATTGTATAAAAATTGTGCTAGTGTATTTTTTTCTTGTGTGTTGTTTTTATATTGTTGTTGTAATATTTGTTGAATAGTTTTGTGTGTAAAATTTAGGTATGTATGTTTGTTTGTA
Myo_Pf_Panel,TGGACTATATATTTTATGTCCCTATCTTGAAGATTTGCCTTTTTTATTTCTTCATATTTCCCTTTCAACCTATTTTCCATTTGTCGTAACCCAATTTTTTCATCATTCATTTGGTTTATA
Myo_Pf_Panel,AGTTGGGATAGCTTTTATTTGATTAATATATTCTTGTGTTGAATTTGTTAAGTTATTAATTTTAAGTTTTAAGCTTTCAATGGATTTATTATTATTATATGTTTGTTTGATGCAAATAAT
Myo_Pf_Panel,AGGATTTGTTGATTTTTGTGTTTTCCATATTTAGTATCTTGAAAAATAGATAGCATATGATTATTTATTGAATGTACAAAACTAAGGGAGTGGTTATTATAATTTTGGGATATATTTTTA
Myo_Pf_Panel,TCAATTGCGTTTCTGTTGTATTTAATTGTTGTTGTATATTTTTGAATTGTTGATAAATATCTTTGATATTATTTTTGTTATAATTTATTATATCATATGAATTGATTATCTCTGTAATTT
Myo_Pf_Panel,TCATTTGTATGTTCATTATTTATATTATTTTCATTTGTATGTTCATTATTTATATTATTTTCATTTGTATGAATATTATTATTTCTGGAAGTTCCCCTTTTACCTTTTTCTTGATCATCA
Myo_Pf_Panel,TGATGTGGTTCATTAGAGTTTTTTATAAAAAAGAATGCAGTACTTGAACATAAAAGTAAGACAGCTGTAATTCCTCCAGCATAAAAAATTCTATAATATGCGTTATCTTTCCCTGAAGAT
Myo_Pf_Panel,CTAACTCTATGATCGAGAGAAAATGTTAATTTATCTATTTCATTTTTTTCATAAAAAATTCCTTCTATTAAATCAATTGCCGATGTTTTCTTGATTAATATTATTATAAGAAGGGTAAAA
Myo_Pf_Panel,ATATACATACCTTGGCAATTAATTTGATCATTTTTTCCTTTTTCAAAAAATGTTTCTTCATAAACAACATGAGGTTCTAATAAAAGTGGTTGTGATATGTAATAAATGATTATATGTGTA
Myo_Pf_Panel,AAATCGTTGTATTCACAATTGTTTTTAGCTGATGGTAATAATGATGTTTTGCATGTACATGTTTCATTTTCTCCGTCACAAAATTGATTTACTGAACATATATCTTGTGTACATCTATAA
Myo_Pf_Panel,TAGCATGGATATATTGTTATGAGGATATTGGTTGGTTCGACTATTTCTTGAAATCAAATGGAATTTAGATTTATTAATATCTGGTAGAATACTTGAATTATATAATGATGGTATATTAGA
Myo_Pf_Panel,ATGAAAGATCACATTTGTTGTCTGGAACACATTTACCTTTAACATTTTTATATCCTTCTTCACATTGACATATTAATTTATCATTTGGAAGAATTTGACAAACTTGATTTTGTGAACACA
Myo_Pf_Panel,ACCTTGTTTATTACATACACATTCATGTGGTTTATATTCTCTATAAATACATTTTGAATCTTTTGGACAATTCCCTTCATTAATTAAACAGGAGTTTTCATAAATACATTCTCCTTTATT
Myo_Pf_Panel,AACACTATTGCCTATTTTTTTTTTCAAATATATAATAGTGTGAAATATTTCATTTTTAATTTGAACTTCTATATTACCTGCTGTTGGATAATCATAATAAAATACGTAAGATTCTTTTGA
Myo_Pf_Panel,TTTGCATATATATCATTTTTAAATTTTAATTTTCAATTTTTAATTCTAATTCTTTTTATCTTACTTTATTAGAATATAACAGTGTTGTCCAGATTGAGAGAGTAAATATGGCTGTCCTAT
Myo_Pf_Panel,TTTTTGGTAGCACTAGTATTTTCTGTTGAATTTGTATTTATAGTTGTACTATTGTTTCCTGTTAATTTAATATTTGTTTTATTATTATCTGTTACTTTTGTAGTGCTTGTAGTTGTACTG
Myo_Pf_Panel,TTTCTTCTGAATAATCACAGGAATCTTTATTTAGTTCATCATCAGAAGTTGTTTCATTATAATTGTTAGCAAAGACATATTGGTTTGTATTATTATTATTATTATCTGTTGATATTGTAT
Myo_Pf_Panel,TATTACATCCTTAATATTATTCCTTTTTTATTTCATCTTACGTAAAAATCCATTTCCCAAACTTGAAGTTAAACTGAGCATAAAAAAATTAAGGATTATGAAAATAGAAAAAAAATTCAT
Myo_Pf_Panel,GATGCCCCTTGTATGTTTTCAATTTTTTTTATATTTTTATATACTAGCTTCTTATCATATATAGAAACAGAAAAATAATTCTCTTTACTGTATCTCATATAAGATGAACCTCCTAAAATT
Myo_Pf_Panel,AAATTCACATGGACCTGACCATTCTGACCACTCATTATAACTCTTACAAGTTGCACCATGTAATAATTGATAACAGAATTTTTTAACACCAAAAAGATCATTAGCACGATATGATTCACT
Myo_Pf_Panel,CATTTCTTCTGTATCACCCGGCATATCTTTTTCGATAAGTGCACGATCATCACGATCTCTAATTTGTTGAATAGAAGATTCTGATAATAAAGAATTTAGAATAACATCTGCGTATAAAGT
Myo_Pf_Panel,GTTTTCTCGTCCTTTTTATTTCCTCTTCTTTCTGTGTATGCTGTAATGTATTTTCATTATTTTTCATATCTATTATAGGTGATTCGTTGATTGTTTTGGTCTCTTGTAAATTCGTATTCT
Myo_Pf_Panel,ACTCACCTTGGTTTTGTTCACCACTAATTTTCTTATCTTCAATTTGTTTTCCTCCTATAAGTTCATTTTCTATTTCTTTAGTACCACTTTGTTTACCTCCTACAAATTCATTTTCTATTT
Myo_Pf_Panel,ATATAATATATTCATTCATAGTTTCATCTGATACTTCATTTTTCCCAATCAAATTATGATTCTTCTCATTATTCTTATAAGTTTCTTCTGTATTTGTAAATTCATATTTCTTTTTCTCTA
Myo_Pf_Panel,TTTTCTTCATTATCACCTGATACAATATTATAATCAACATTTGTATGAAATTCTTTGTTTATTCTACTTTCATAAGGAGTAAAATGTTCTTGATCATTTTCATGAGATATTCTATTTTTA
Myo_Pf_Panel,AAAGATTCATCAGATGTTACATGTTCGTTTTTAAGAATTTTATCTAATTTATTATGTACATCAATATTTTTATCTTGTGATTCATTTATTAATATGTTATTTTGTTTCATTTTGTTAATT
Myo_Pf_Panel,ACACTTGGTATTATATCTTCCTTATTTTCCTGAAGAATATTTTCTCCTTTTGAAATATACTGATCTATCTTAACATTTTTATCCAATCCATCATTTGATATATTAGTTCCATTAGTTGTT
Myo_Pf_Panel,CATCTGCATCACTATCCTGAGTTCCTTGATTTTTAATAATTAATTCATTTAATATTTTAGCATTATCATTATATTTGTTAATTTTTATATTGTTTCCTGTTTCATCTTCTATTTTAACAT
Myo_Pf_Panel,TTGATATATCCACTTTCTTGTATTTTTTCATTTGGTATGGTAATATGTTCATTATATTCTTTATTATCTTGATTATTCAAATTATTTTTATTTTCATTCTGTACAATTTTTTGTCTAATA
Myo_Pf_Panel,ACAGAATGTTTTCCATTATGATCAATTATATTTTGTTCATTGGGTGCATTATCTATTTTATCAAAACTATCTACTACATATTCCATATTTTTTATATGTGACATTTCCTCTTTTATTTTA
Myo_Pf_Panel,TGAATTGTTATTCAGATTATCGGGAAATTTTGTATATTCACTATCTATTTTATTATTAATATTATTATTACTTTCTGATATTTCTACATTCTTCTCATTACCCTTGACCATATCAGATGA
Myo_Pf_Panel,GAATTAAAGTGATACTGTAAATCATTTGTATAGTCATTATTCTTATATGTAAAACCTTTAACCTTTTTAAAAACAAGCACAGATGCTAATAATACAAATAAACCAGCTAAAACGGTTGCA
Myo_Pf_Panel,GTGCTCTTTATTGGTAGTAACGTCAGATTATTTTCTTGATTCTTCGTTTTTTTTATTGCATTTTCAAAACTTAATCCTGTACATATAGTAAATTCAAAATTAAAATGTTATATATAAATA
Myo_Pf_Panel,TTGATAACTCTTTAAAATGATATTGTAAAAAATTAACATTTTTATAATCCACATTTTTATAGTCTTCATTATTTTTCACATCATTTTTTTCATTTAATAACATGCCATCATTTATTTGAT
Myo_Pf_Panel,TATTATATTCATCCATCATCTTTTTAAACGTTCTATTCATAAGATCATTTTTTTTTTTATTTGAAGGAGTATGATTACTATCTGTATCTTGTATACTATCTTCTACCTCTTCGGTTTCAT
Myo_Pf_Panel,TGGGACATCATTGAACTTCATTTGTAGTACATAAATTAAATGATGAAATATATTATTTAAATGTTTTTCTTTTGAATAGAATGTATTATATAACATTTGTCTTAAATGATCACTAGTAAT
Myo_Pf_Panel,ATTTTCATTTCTTTTTTCTTCATCATCAAATGAATATATGGTGGGATTTTTTTCCTTAACATTTTTTGTATCCATATATTGTTGAGAAAAAATCCAACTATATGCATGAAAAGGTCTCAT
Myo_Pf_Panel,ATTGTTGGAGCTGCTTCTGAAGTTTGTTGAACATCACTAGCTGGTTCTTCTACGTGTTCTTCAGCAACAGTTGGTTCTTCTACATGTTCTTCAGCAACAGTTGGTTCTTCTACGTGTTCA
Myo_Pf_Panel,GCTATACATGGTTGTAATATATTTAATAAATATTCAGATACATGTGCTTCTCTTTCTTTTTGATATTGTTCCATAAATTTTAATAAATGTTCACTTTTATTCTCTAAATCATTCATAGAT
Myo_Pf_Panel,GCATTTAAAGCTGTGTTCTCTATATCATAAAGGGAAATATCTACTATATAACTAACAATTTTTTCTAATATTTCCTTCTGATCTGTATAACTTAAATCTGAAATATTTTTTGATTGGTTT
Myo_Pf_Panel,AATTTTTTTTAACGAATTAATATGTTATATAGAATATTACTCTATATATATAAAATATTAAAAAAATAATTTCTGAAAAACGCTACGAGAATATTTCAATACGTATGGTATTAATTTATA
Myo_Pf_Panel,TCATTATTATTATTATTATTATTATTATTATTATTATTATTCATACTCATGTTGTGATTTACATCCTTTTCAATATTCTTGTCTTTATCTTTTGGTCCTGATGGTCCCATATTACCATTA
Myo_Pf_Panel,CTACTTCTTTTAATTCATTATCTATATTATATTTATTTAATCCTTTATTGTTGGTTGAAAAAATATTTTGTTTTTTATTTTGAACTCCTAAATCAATTTTCTCCCCTTCCTTTTTTGTAT
Myo_Pf_Panel,CAAATTCTTTAACATAATTATTTAAATCAAAATTATCTTTATTAATAAAATCATCATTCATACTATTAAGGGTATTTTCTAACATTTCAATTAAATATTCTACAAAATTTCTATTTTTCC
Myo_Pf_Panel,GTAAAATAACCTAAATTTGTGCGTTATATTATATTATACAAAAATTAAAATAATGGTTGAAAATATAGCATGCATAAAAAGAAAAAATAAAATATAATTTTTTCATAAAAATATGACATT
Myo_Pf_Panel,GTTATACAAAACTTTATTTTAGATTAATTCTAAAATGATATATTAAATAATAATATTAATATCTTTTTATTTATATAAAATCTTTTTTTCCTTTTTTTTCCTTTTTTTTCCTTTTTTTTC
Myo_Pf_Panel,AAAAAAAAAAAATAATAAAAAATAAAATAAAATAAAATAATAATATATATGTAATATATATATATTATGTATATAAATAATTTTAATTTTCTGTTTGAAAAAATAAAATTGAATTATTAC
Myo_Pf_Panel,GCGTCATCATCAACATTTTCAAAATGTGAATCGTTATTTTGTCCTAAGAATGTGTCATCATTCATATCTAATTCATATGTATTGTCATCATCATTATTTTCTTCGTTATCATCATTTTCT
Myo_Pf_Panel,TATTATTATATATATATATATATATATGGGGGAAAAAAAAATAAAGTTGTACCATAATAATTTTACATTGTGTTTAGTAAATTAAATGAATATTCTAAGAATTTTTTATATTCCTCTTCT
Myo_Pf_Panel,TTTTTTTTTTTTTTTTTGAATATTCTTTTACATAGAAAATTACATTATGTAAAAGAATTAACGGATATGAAATAATAATAAATAGGTGTATTAATACAAGACTACATTTCTGGAATGGTA
Myo_Pf_Panel,TTATTACATTTTTCCTGCATGAACATTTCATACCAATGTATCATATTAATACTTACATTATGATTATACAAAGATAATCACAAAATGTACAGGAAATATGACAACCATAAAAAAAAAAAA
Myo_Pf_Panel,TTTTTTTAATTAAATCTGAAATATTTGCATTATAAGATTCTATTGATTGTTCCTTTAATAAATTTTCATATTTTGCAATATCATAAAAACTTGATTGTATAGTTGGTACAATATATATAT
Myo_Pf_Panel,GTAAGTCGAAATCCGTATCTTCCGTAATTTTAATTATTTCCAGTTGATATTTATTAAAAAAATGAATTAAAAATTCCAGGATATTACATTCCATATTTGTATTAGATCTATCAACTTTCA
Myo_Pf_Panel,TTACATAAGCCCTAGTATCGTAATCTATGAAAGAAAAAAAAATATATTATCATAAAATTTAAATAAGCATTTATTAAATTAGTACACAATTATAACTATTACATAAATATTCTATTCTAT
Myo_Pf_Panel,TATTTATATTAATTTTTTATATGTTATTTATTTTACAATTAGCATATAAGAATGCTCCTTTACACAAATTGCACTTTGATACTTCATTCATAAAATTACTATCTAAGGGAATATGTTTCA
Myo_Pf_Panel,TTTTCTAACATATAATGTGTAATATTTCTTTATGGGTGATGGAAACCAGTAACATGTAGTAACAGTTCTATGAAATGAATCTTCGTCTTTCAAATTTAAATACAAAGATTCAACCACATT
Myo_Pf_Panel,TTATATTATAAATATTATGATATTTAAATAAACTTTTAACATGCCTTTGTTCAAAATACATTTCATACGCAGATTCAATTATTCTTTTTAAAACTTTATTCCATTCATTTATTTTTGGTG
Myo_Pf_Panel,ATATACATATTAATTCATTTATTTAATGATTTCCTTATTTATTTATTACCATTCTATCGTTTCTCCTTTGAGTCTTGTAAGTGTCTTCTATTTTTCTAAAGAGTAAATAAACAGTTTGCA
Myo_Pf_Panel,TAAACTATTAGTTATGCTATCCATAATACTTCCATTATATACATAAGCAAAAGTAAGATATGCAGTAACACTTGTTGCTAAACCTATTTTACCACTTTTTCCATAAACCTTATCAAGATG
Myo_Pf_Panel,ATAACCACGTTTTCTTATATTTATATAAGTTTCATACTCGTATTTTAGAAGTACATCACTTGTATACTCTTTAAGTTTTCTTCTGAATAGTTCTACAAAGTATTTATTGAATATATTAAA
Myo_Pf_Panel,GCCTTACTATTTGACGATAAAGCCTTTTGATCATCTTCATCGGATTCCTCATAAACAGGACATATATCACATCTATCATTTAGAAATTCCTCATTTTTACCACAATCATCAAAATAAATA